text,type
,
wiki,love song flo twenty second single rhythm zone contains new songs next album cosmicolor remix lotta love instrumentals released november first pressings single include cd extra footage live summer time love performance love song bonnie pink twenty sixth single
wiki,season nd season competitive football rangers
wiki,afromarengo plana jumping spider species genus afromarengo lives south africa
wiki,grisana genus moths noctuidae family
wiki,kshatriya kulavatauns title nobility conferred upon seventeenth century indian warrior king chhatrapati shivaji raje bhosale means head chief kshatriya race kshatriya one four varnas hinduism kulavantas means head kula race title continues used shivajis descendants
wiki,robert sands estate historic home located rhinebeck dutchess county new york house built story brick filled wood frame building gable roof sheathed clapboard sat extant stone foundation measured five bays wide four deep also property contributing story frame cottage four frame farm outbuildings including dutch barn added national register historic places national park service oversees register announced considering request remove result fire left foundation august year
wiki,cowboy ninja viking image comics comic book created writer j lieberman artist riley rossmo series debuted released image comics partner studio shadowline
wiki,das kriminalmuseum german television series ran zdf one first programs episode began tracking shot unspecified crime museum stopping one displays whose story told episode minutes long featured different actors criminal commissioner best known erik ode moved der kommissar appearing episodes theme music series written german composer martin bottcher also composed complete scores five episodes
wiki,universal music latin entertainment division universal music group vivendi record company specialized producing distributing latin music mexico united states puerto rico umle includes famous latin music labels universal music latino fonovisa records universal music mexico capitol latin machete music disa records record company created acquisition univision music group combining universal top latin artists along much latin back catalog umg
wiki,molineux stadium mlnju mol new championship football stadium situated wolverhampton england home ground wolverhampton wanderers football club since long history first stadium ever built football league one first grounds country install floodlights well hosting first european club games time multimillion pound renovation early molineux one biggest modern stadia england though since eclipsed many ground developments stadium however hosted england internationals recently england internationals well first uefa cup final although currently seater stadium record attendance molineux stands initial plans announced may rebuild two sides stadium season increase capacity around first stage project began summer completed course start season also provisional future plans longer term redevelopment every stand could potentially create capacity
wiki,americo sebastiano costantino born october italian american retired professional wrestler wrestling manager performed ring names rico costantino rico world wrestling entertainment wwe currently wrestling future stars wrestling promotion las vegas nevada
wiki,lance edward lem massey september june native syracuse new york child walter griffith massey florence lance massey growing watertown new york attended two years high school watertown entered severn school located severna park maryland graduating severn accepted u naval academy sixteen graduating naval academy given commission ensign ordered battleship uss texas bb serving year aboard uss texas entered flight training pensacola naval air station naval aviator wings january assigned scouting squadron aboard aircraft carrier uss lexington cv next three years ships company uss lexington subsequently served two year tour pensacola naval air station florida flight instructor pensacola married marjorie drake kelsey widow lieutenant j g james kelsey graduate us naval academy june lieutenant jg massey reported observation squadron aboard battleship uss new mexico bb whose home port long beach california august promoted rank lieutenant january observation squadron three transferred uss idaho bb stayed july sent naval air station pensacola october reassigned uss enterprise cv executive officer torpedo squadron six united states attacked japan december serving capacity promoted rank lieutenant commander january active several major actions first seven months february squadron torpedo squadron six consisting nine tbd devastator torpedo planes made first airborne torpedo attack u naval history attack japanese shipping kwajalein atoll marshall islands sank ton japanese transport bordeaux maru awarded distinguished flying cross following month aboard uss enterprise air wing escorted uss hornet cv carried general jimmy doolittles renowned tokyo raiders attacked mainland japan
wiki,neaspilota genus tephritid fruit flies family tephritidae
wiki,faulknor family english family northamptonshire several generations served officers royal navy
wiki,stefan dimle born june koping sweden bassplayer progressive band morte macabre former member landberk paatos driving force company mellotronen also organiser floating rock festival named melloboat held aboard ship galaxy mellotronen runs community mello club cafe stockholm stefan dimle member several local rock bands former hometown borlange one bands kajuku members band currently opeth anekdoten stefan dimle start rock club mellotronen borlange company existed parallel basis stockholm borlange shop huge section rare hard find cds lps field progressive rock mellotronen became important headquarters musicians fans progressive rock shop mellotronen located fashionable street kakbrinken gamla stan center stockholm nowadays one find dimle company city gustavsberg stefan dimle member band landberk recorded three albums two eps various record labels like record heaven mega rock american label laser edge progressive rock groups landberk anglagard anekdoten co operated lot three used instrument mellotron main instrument three groups led way many new bands progressive genre three famous international level label mellotronen started cd reissue solid grounds debut album since dimle released around different cd vinyl albums latest ones double cd trettioariga kriget two albums sabu martinez dimle mellotronen co operated lot labels like universal national swedish radio mnw sony emi together members landberk anekdoten dimle started project morte macabre made career film circuits repertoire new versions old soundtracks mainly italian horror movies band paatos started dimle performed til paatos released four albums inch vinyl single dimle also performed emma nordenstam machine said behold turid onkel kankel kankelbar january organised dimle rock festival board ship silja festival celebrate th anniversary mellotronen company among many artists performed board following ones mentioned flasket brinner november asoka morte macabre solid ground emma nordenstam march time nd rock cruise ship silja symphony many people came see bands like opeth katatonia comus april third rock cruise supposed take place destination finland time board galaxy however months date dimle announced melloboat cancelled among many artist supposed perform cruise meshuggah may blitz steven wilson
wiki,holzdorf village municipality jessen elster district wittenberg german state saxony anhalt inhabitants previously separate municipality district kremitz became part amalgamated municipality jessen march holzdorf various shops doctors offices regional center surrounding villages addition farming nearby schonewalde holzdorf air base staff main source income residents air base within city schonewalde brandenburg
wiki,tredinnick cornish surname derives one places called tredinnick tredinnick formed elements tre homestead either dynek fortified eythynek overgrown gorse redynek overgrown bracken notable people surname include david tredinnick actor australian actor david tredinnick politician born british politician mark tredinnick born australian poet writer miles tredinnick born english musician stage screen writer noel tredinnick born english organist composer
wiki,scottish cup th season scotland prestigious football knockout competition cup rangers beat kilmarnock final
wiki,gunther schmidt rudersdorf near berlin german mathematician works also informatics
wiki,robert sargent electrical engineer defense department defensive weapons specialist published poet lived adult life washington dc
wiki,broken rites formally broken rites australia collective inc australian non profit organisation dedicated exposing denouncing cases catholic sexual abuse scandal
wiki,deep six song american rock band marilyn manson song released digital outlets december second single band ninth studio album pale emperor music video directed bart hess released youtube song hit american active rock radio peaking number eight billboard mainstream rock becoming band highest peaking single ever chart
wiki,usa also known gps iir gps svn american navigation satellite forms part global positioning system eleventh block iir gps satellite launched thirteen original configuration twenty one overall built lockheed martin using satellite bus usa launched utc march atop delta ii carrier rocket flight number flying configuration launch took place space launch complex b cape canaveral air force station placed usa transfer orbit satellite raised medium earth orbit using star fm apogee motor may usa orbit perigee kilometres mi apogee kilometres mi period minutes degrees inclination equator used broadcast prn signal operates slot plane c gps constellation satellite mass kilograms lb design life years remains service
wiki,luan county station chinese chinese railway station located luan county jingha railway
wiki,stanek stank village administrative district gmina michaowo within biaystok county podlaskie voivodeship north eastern poland close border belarus lies approximately kilometres mi north west michaowo km mi east regional capital biaystok
wiki,carlo pezzati october italian politician mayor italian city piacenza carlo born pio defina elmonti pezzati village torre gandini outside piacenza would eventually become mayor piacenza killed partisans laid rest cemetery torre gandini
wiki,john william moore june december u representative kentucky born morgantown kentucky moore attended public schools completed commercial course bryant stratton college louisville became clerk morgantown deposit bank engaged timber business cashier morgantown deposit bank moore elected democrat sixty ninth congress special election fill vacancy caused death united states representative robert thomas jr reelected succeeding congress december march unsuccessful candidate reelection seventy first congress moore elected democrat seventy first congress special election fill vacancy caused death united states representative charles w roark reelected succeeding congress june march candidate renomination seventy third congress resumed former business pursuits employed federal housing administration washington c assistant comptroller died washington c december interred morgantown cemetery morgantown kentucky
wiki,th division spanish division division spanish republican army spanish civil war formed april aragon militarized columna durruti reorganization spanish republican armed forces th division included th th st mixed brigades throughout civil war fought huesca offensive battle belchite aragon offensive battle segre finally disbanded february withdrawal rush border followed rebel catalonia offensive
wiki,pelham range small mountain range southern vancouver island british columbia canada located northeast sarita sarita river alberni inlet area km subrange vancouver island ranges turn form part insular mountains
wiki,katzenthal commune haut rhin department grand est north eastern france
wiki,psyrassa sallaei species beetle family cerambycidae
wiki,juan manuel coello torres born may retired honduran association footballer currently coach motagua reserves team
wiki,holy trinity church church scotland parish church st andrews fife category listed building
wiki,athyma glora species nymphalid butterfly
wiki,amanda nicole poach born july american soccer player bowie maryland poach represented united states fifa u women world championship team finished fourth place
wiki,lone shark weekly minute public access television cable tv program broadcast ten years wfac tv soundview community television television stations part cablevision southern connecticuts cable system spans southwestern coast connecticut new york state border middle new county lone shark hosted program creator executive producer jim sharky co hosted program producer sean haffner k sean producer although program unscripted sharky would usually list topics wanted discuss haffner episode lone shark known fast pace strong language adult themes often pushing limits station managers believed could allowed television lone shark originally recorded studio location edited broadcast program broadcast live without broadcast delay editing censor august program permanently suspended production soundview television station management lone shark aired three seconds graphic adult sex video live television prime time
wiki,peppy peppermint polar bear mascot icon fox glacier mints brand boiled mint manufactured fox confectionery united kingdom peppy introduced confectionery packaging around time fox commissioned taxidermist shoot stuff real polar bear put display public events football matches carnivals advertise glacier mints exhibition taken country eventually incorporated many four stuffed polar bears advent televised advertising rowntrees acquired company exhibition deemed politically incorrect removed public circulation television commercials featured peppy later produced original peppy measuring ft high ft long indeterminate gender donated new walk museum leicester city fox confectionery based stuffed bear lost company factory approximately years brand manager said donation found back clearing decided donate museum best place want reception gory feared could scare customers visited acquisition museum commenced restoration process took six years complete peppy displayed public exhibition museum january april
wiki,earl thomas ferrell born march halifax virginia former professional american football player selected st louis cardinals th round nfl draft ft lbs running back east tennessee state ferrell played entire nfl career cardinals led cardinals running backs rushing yards seasons team first two years playing phoenix second player one four school history selected draft play nfl playing college football etsu despite pro bowl appearance final two seasons ferrell career cut short due problems illegal drugs ferrell reportedly tested positive three times cocaine prior season suspended one year due another failed drug test never played nfl getting news suspension ferrell chose retire
wiki,happy people go third studio album american soul disco group trammps released atlantic records
wiki,decellularization porcine heart valves removal cells along antigenic cellular elements either physical chemical decellularization tissue decellularized valve tissue provides scaffold remaining extracellular matrix ecm used tissue engineering valve replacement humans inflicted valvular disease decellularized biological valves potential benefit conventional valves decreased calcification thought immuno inflammatory response initiated recipient
wiki,charley aunt farce three acts written brandon thomas broke historic records plays kind original london run performances play first performed theatre royal bury st edmunds february produced former oyly carte opera company actor w penley friend thomas appeared principal role lord fancourt babberley undergraduate whose friends jack charley persuade impersonate latter aunt piece success opened london royalty theatre december quickly transferred larger globe theatre january complete record breaking run play success broadway another long run also toured internationally revived continually adapted films musicals
wiki,francois lesieur desaulniers august quebec farmer political figure born yamachiche served lieutenant colonel local militia married charlotte daughter augustin rivard represented saint maurice legislative assembly desaulniers elected legislative assembly lower canada saint maurice election member parti patriote elected legislative assembly province canada region died yamachiche son louis leon member canadian house commons
wiki,choanoderm type cell layer composed flagellated collar cells choanocytes found sponges
wiki,article presents lists literary events publications
wiki,sawoszewek swavvk village administrative district gmina kleczew within konin county greater poland voivodeship west central poland lies approximately kilometres mi north kleczew km mi north konin km mi east regional capital poznan village population
wiki,valdres videregaande skule high school located valdres area eastern norway school primary high school vast majority students greater valdres area offers relatively broad range subjects since distances area quite big many students live small apartments closer school e g students areas farthest away may take hour travel every day bus get school school split two sections one leira another fagernes new building heavy investment municipal extended leira section cover students time writing principal kari elisabeth rustad student count generally around
wiki,nalkheda village bhopal district madhya pradesh india located berasia tehsil
wiki,puerto rican nationalist party revolts series coordinated armed protests independence puerto rico led president puerto rican nationalist party pedro albizu campos united states government rule island party repudiated free associated state estado libre asociado status enacted nationalists considered continuation colonialism party organized series uprisings take place various puerto rican cities october uprisings suppressed strong ground air military force command puerto rico national guard major general luis r esteves related event november year two nationalists new york city attempted storm blair house failed effort assassinate u president harry truman supported puerto rican government effort draft constitution would rename local government commonwealth united states provide limited local autonomy nearly puerto rican voters approved constitution estado libre associado nationalists considered outcome vote political farce since referendum offered option vote favor independence statehood restricting choices two continuation colonial status existing time proposed new commonwealth status march another armed assault four nationalists fired shots visitors gallery house representatives united states capitol full floor debate wounding five congressmen one seriously nationalists protesting perceived continuation colonial status puerto rico
wiki,sleeps song american heavy metal band metallica album load band first number one song us billboard hot mainstream rock tracks chart well first song release death magnetic hit top billboard hot debuting peaking number
wiki,rising sun high school public high school rising sun indiana part rising sun ohio county community schools high school ohio county
cnn,warmbier death comes less month two u congressmen introduced bill aimed banning american tourists visiting north korea devastating loss otto warmbier life led us reconsider position accepting american tourists said statement related warmbier death raises pressure white houseif trump administration wants punish north korea treatment warmbier would need beijing help otto warmbier arrested north korea sightseeing tour last year related u lawmakers want ban american tourists north koreabut american tourists make small fraction visitors north korea whose tourism industry dominated visitors china main economic partner
cnn,personal information almost million registered u voters accidentally exposed online due improperly configured security setting security firm upguard revealed monday leaked information compiled republican data firm deep root analytics two republican contractors included names birth dates addresses voter registration details social media posts deep root said statement data exposed june firm updated security settings putting number context politico reported last october united states little million voters also unknown whether vickery first person notice exposed information
cnn,megyn kelly much talked interview alex jones got plenty attention kelly nbc good bad many viewers fewest viewers kelly weekly news magazine telecast sunday night megyn kelly drawn since debut three weeks ago show also trailed run episode cbs minutes brought million viewers kelly sit jones controversial conspiracy theorist radio host founder website infowars brought average million viewers sunday night episode drew average million viewers
cnn,iss argued wells fargo board made scandal worse failing provide oversight could limited damage federal reserve must hold wells fargo board members accountable risk management failures warren wrote letter first reported cnbc elizabeth warren livid wells fargo demanding government take dramatic step throwing board directors wells fargo acknowledged firing workers creating million fake accounts instance wells fargo eliminated unrealistic sales goals promoted sloan ceo encouraged workers speak bad behavior
cnn,monday supreme court ruled sex offenders broadly banned using social media supreme court ruling major milestone internet era among first decisions target social media use lot ways constitutional coming party social media companies said alex abdo senior staff attorney knight first amendment institute columbia university opinion kennedy said cyberspace social media particular important places exchanging views first amendment ruling sets precedent denying access social media sites raises questions role public forum
cnn,nsx honda hmc luxury division futuristic hybrid supercar three electric motors turbocharged v engine miles per gallon city highway fuel efficient exotic car still looks drives like exotic car little nicer descriptions practical aspects must include qualifier exotic car looking excuse go visit mother hometown someone handed keys acura nsx
cnn,despite trump promises electric utilities expected dump coal businesses individuals adopt solar panels fact projections assume renewable energy subsidies go away eventually paris agreement achieved simple economic reality renewable energy costs poised continue dropping thanks gush investment course solar energy force creating headaches coal beleaguered workforce key solar technology become efficient thanks flood money investing renewable energy
cnn,despite trump promises electric utilities expected dump coal businesses individuals adopt solar panels fact projections assume renewable energy subsidies go away eventually paris agreement achieved simple economic reality renewable energy costs poised continue dropping thanks gush investment course solar energy force creating headaches coal beleaguered workforce key solar technology become efficient thanks flood money investing renewable energy
cnn,valuation billion last time blue apron raised money private investors maybe buffett one day blue apron stock delivered portfolio blue apron mention whole foods amazon name recent sec filing blue apron prices offering midpoint raise million market value billion blue apron expecting big delivery greens
cnn,personal information almost million registered u voters accidentally exposed online due improperly configured security setting security firm upguard revealed monday leaked information compiled republican data firm deep root analytics two republican contractors included names birth dates addresses voter registration details social media posts deep root said statement data exposed june firm updated security settings putting number context politico reported last october united states little million voters also unknown whether vickery first person notice exposed information
cnn,leaving eu means britain longer free access market bruegel influential think tank estimated size final bill billion billion billion billion related eu citizens leaving brexit britainin position paper published earlier month eu said wants broad rights citizens eu britain well families eu requires nations access free trading bloc accept free movement people britain might allowed pay access eu market would require concessions key areas
cnn,boeing shows latest jetliners dreamliner max ahead paris air show
cnn,know interest rate sure know interest rate card hand interest promotional period interest card interest rate changes deferred interest card could cost quite bit paying attention deferred interest card rate remains throughout look keywords card offers include word tend deferred interest arrangements
cnn,white house press briefing dates back presidency william mckinley become hallmark american politics white house press briefing seen better days first time white house taken step month brought added twist monday briefing white house termed gaggle informal set though took place format much like briefing likewise camera audio broadcasting forbidden response networks like cnn decided broadcast audio briefing even without visual accompany white house barred attendees
cnn,white house press briefing dates back presidency william mckinley become hallmark american politics white house press briefing seen better days first time white house taken step month brought added twist monday briefing white house termed gaggle informal set though took place format much like briefing likewise camera audio broadcasting forbidden response networks like cnn decided broadcast audio briefing even without visual accompany white house barred attendees
cnn,gallup poll u employees said work hours week put hours tend get distracted typical working hours along lines may want take step back think working many hours first place gone days strolling work sharp clocking precisely eight hours later stanford university study found employee productivity significantly declines hour mark reached given work week
cnn,president trump made tens millions dollars mar lago club past year financial disclosure form published friday office government ethics shed light trump earned politically significant year career financial disclosure form shows earned income least assets foreign ties royalties titles including america deserve way top earned trump told assets earned trump least million
cnn,wall street analysts starting wonder whether another retailer come higher offer start bidding war raised price target whole foods amazon deal announced raised price target company nearly higher amazon bid would jana say higher offer walmart another amazon rival whole foods wfm stock closed friday rose monday top
cnn,f production india supports thousands lockheed martin f supplier jobs u said lockheed tata confirmed cnnmoney f production india move forward lockheed gets lucrative order one world best known fighter jets could soon built india lockheed tata also talks make f components india air force deal materialize tata spokesman added lockheed martin lmt said monday make classic f aircraft south asian nation indian government grants contract supply fighter jets country air force
cnn,ups typically sees volume double normal levels around christmas related ups unveils saturday delivery new jobsthe surcharges start week november thanksgiving week ground shipments world largest shipping company announced monday much plans hike prices holiday season ups typically negotiates higher rates major customers raised rates individuals united parcel service ups instituting per package surcharges holiday season help cover cost hiring additional workers renting extra planes trucks
cnn,cnn tech samuel burke walks steps take protect hacked
cnn,new advertisement released qatar airways monday strikes overtly political tone saying skies free restrictions addition closing airspace qatar airways saudi arabia uae bahrain also shut airline offices qatar airways hit hard losing destinations flights day comes two weeks several states including united arab emirates saudi arabia bahrain egypt cut diplomatic ties qatar severed transport links qatar state owned airline stepping war words attempts neighbors isolate gulf state
cnn,mitsubishi aircraft corp showing new jet known mrj paris air show week mitsubishi joins big leaguesthe huge japanese conglomerate behind mrj mitsubishi heavy industries mhvyf making complex parts plane makers like boeing decades related boeing takes swing airbus bigger maxwhile built nagoya japan mrj global collaboration one unmistakable feature though sharply aerodynamic nose resembles japan famous bullet trains mitsubishi believes getting back track still big tests go could reveal issues
cnn,personal information almost million registered u voters accidentally exposed online due improperly configured security setting security firm upguard revealed monday leaked information compiled republican data firm deep root analytics two republican contractors included names birth dates addresses voter registration details social media posts deep root said statement data exposed june firm updated security settings putting number context politico reported last october united states little million voters also unknown whether vickery first person notice exposed information
cnn,joshua brown tesla warned seven times put hands back wheel plowed truck crash near gainesville florida may drew attention questions raised safety self driving cars national transportation safety board report deadly crash also found brown hands wheel tesla tsla model seconds minutes car autopilot case car hit trailer truck pulled across lanes traffic intersection agency said drawing conclusions crash happened
cnn,joshua brown tesla warned seven times put hands back wheel plowed truck crash near gainesville florida may drew attention questions raised safety self driving cars national transportation safety board report deadly crash also found brown hands wheel tesla tsla model seconds minutes car autopilot case car hit trailer truck pulled across lanes traffic intersection agency said drawing conclusions crash happened
cnn,mcdonald worked olympics since delivered hamburgers athletes competing winter games grenoble france split takes effect immediately one exception mcdonald mcd still sponsor winter olympics pyeongchang south korea mcdonald operate restaurants olympic park olympic village advertise south korea olympic sponsor mcdonald ran promotion called u wins win time american athlete medal americans food changing sponsorships may normal splits come disappointing viewership olympic games rio
cnn,wish yahoo thought money money money could made using symbol abba instead like alibaba business model fan enigmatic founder jack buy alibaba altaba essentially holding company yahoo remaining shares alibaba shares used known yahoo ticker symbol yhoo started trading monday altaba think alternative alibaba trade symbol aaba yahoo held stakes chinese e commerce giant alibaba baba tech yahoo japan yahof
cnn,best airline north america dozens skytrax awards announced tuesday including one air canada took award best airline north america oscars aviation industry emirates airline year qatar snagged skytrax award best business class glitzy awards ceremony tuesday paris air show qatar airways named airline year international air transport ratings group skytrax related qatar airways fires back arab neighbors borders adqatar airways serves worldwide routes fleet planes according website qatar airways best times worst times
cnn,executives charged include former ceo john varley roger jenkins barclays former head investment banking middle east regulator put case hold however pending outcome criminal investigation conducted serious fraud office shortly investments made barclays made billion loan facility available qatar according serious fraud office bank former executives charged u k serious fraud office conspiracy commit fraud false representation june investment made qatar sovereign wealth fund pair also face second charge conspiracy commit fraud october deal group qatari investors
cnn,wall street analysts starting wonder whether another retailer come higher offer start bidding war raised price target whole foods amazon deal announced raised price target company nearly higher amazon bid would jana say higher offer walmart another amazon rival whole foods wfm stock closed friday rose monday top
cnn,despite trump promises electric utilities expected dump coal businesses individuals adopt solar panels fact projections assume renewable energy subsidies go away eventually paris agreement achieved simple economic reality renewable energy costs poised continue dropping thanks gush investment course solar energy force creating headaches coal beleaguered workforce key solar technology become efficient thanks flood money investing renewable energy
cnn,download cnn moneystream minute market data news barclays fraud charges british prosecutors filed criminal charges barclays bclyfthe executives charged include former ceo john varley lockheed martin scores paris lockheed martin lmt says working tata make f fighters india tries beat saab deal supply country military forecast real gdp growth germany year higher rate previously expected stock market movers chipotle chipotle cmg shares dropped extended trading company said spending marketing promotions tries recover e coli outbreak
cnn,six months top tech ceos met president trump first time came back round two one source works tech companies policy issues stressed continues issues like modernizing government tech trump find common ground even disagree others related silicon valley impossible balancing actfor large tech companies difficult impossible sever ties white house completely facebook one top five tech companies attend hope build working relationship white house bipartisan issue modernizing government
cnn,industry leaders started calling next year series started boeing new boeing jet become anticipated airplane commercial aviation related expect paris air showdetails still far boeing talked potential customers world given peek boeing plans new small twin aisle aircraft unofficially dubbed boeing ba released first image new middle market airplane paris air show tuesday teaser company first new airliner since dreamliner
cnn,nsx honda hmc luxury division futuristic hybrid supercar three electric motors turbocharged v engine miles per gallon city highway fuel efficient exotic car still looks drives like exotic car little nicer descriptions practical aspects must include qualifier exotic car looking excuse go visit mother hometown someone handed keys acura nsx
cnn,gallup poll u employees said work hours week put hours tend get distracted typical working hours along lines may want take step back think working many hours first place gone days strolling work sharp clocking precisely eight hours later stanford university study found employee productivity significantly declines hour mark reached given work week
cnn,know interest rate sure know interest rate card hand interest promotional period interest card interest rate changes deferred interest card could cost quite bit paying attention deferred interest card rate remains throughout look keywords card offers include word tend deferred interest arrangements
cnn,stocks traditional grocery stores like kroger clobbered friday deal announced amazon already relatively small grocery business amazon fresh acquisition whole foods much ominous sign competitors walmart boosted grocery business private companies like trader joe also offered tough competition food stocks also sank even buying whole foods amazon invested heavily food delivery business
cnn,white house press secretary getting point kind useless acosta gaggle https co blfwud b cnn newsroom cnnnewsroom june white house press secretary getting point brooke kind useless concluded related camera audio broadcast white house keeps undermining press briefingbut american public get see spicer white house press secretary dealt questions monday acosta thoughts white house white house behind said turning part back camera gesturing towards building yet another day white house refused conduct briefing camera even allow audio briefing broadcast cnn jim acosta let known enough
cnn,one oldest largest events kind paris air show attracted unusual planes years related expect paris air show click images see unusual aircraft appearing past paris air shows return visitor every paris air show since typically seats passengers compared generally holds
cnn,warmbier death comes less month two u congressmen introduced bill aimed banning american tourists visiting north korea devastating loss otto warmbier life led us reconsider position accepting american tourists said statement related warmbier death raises pressure white houseif trump administration wants punish north korea treatment warmbier would need beijing help otto warmbier arrested north korea sightseeing tour last year related u lawmakers want ban american tourists north koreabut american tourists make small fraction visitors north korea whose tourism industry dominated visitors china main economic partner
cnn,ups typically sees volume double normal levels around christmas related ups unveils saturday delivery new jobsthe surcharges start week november thanksgiving week ground shipments world largest shipping company announced monday much plans hike prices holiday season ups typically negotiates higher rates major customers raised rates individuals united parcel service ups instituting per package surcharges holiday season help cover cost hiring additional workers renting extra planes trucks
cnn,joshua brown tesla warned seven times put hands back wheel plowed truck crash near gainesville florida may drew attention questions raised safety self driving cars national transportation safety board report deadly crash also found brown hands wheel tesla tsla model seconds minutes car autopilot case car hit trailer truck pulled across lanes traffic intersection agency said drawing conclusions crash happened
cnn,monday supreme court ruled sex offenders broadly banned using social media supreme court ruling major milestone internet era among first decisions target social media use lot ways constitutional coming party social media companies said alex abdo senior staff attorney knight first amendment institute columbia university opinion kennedy said cyberspace social media particular important places exchanging views first amendment ruling sets precedent denying access social media sites raises questions role public forum
cnn,first meeting american technology council tech ceos industry leaders gave advice modernizing government tech infrastructure
cnn,orlando tourist town known says bruce elliott president orlando regional realtor association means plenty opportunity potential homeowners land good job ease burden saving payment buying house new homeowners find plenty area lively nightlife beaches short drive away booming health education technology industries well several massive infrastructure projects underway helped push orlando unemployment rate
cnn,sean spicer time press secretary eventful watch controversial moments
cnn,qatar airways awarded airline year skytrax paris airshow
cnn,lawrence donnell argues many trump lawyers lack experience abilities properly defend president robert mueller hired dream team experienced lawyers doj government bodies handle russia probe moreduration video duration momentjs
nbc,lawrence donnell argues many trump lawyers lack experience abilities properly defend president robert mueller hired dream team experienced lawyers doj government bodies handle russia probe moreduration video duration momentjs
nbc,overwhelmed generosity people offering donations supplies affected grenfell tower fire inside mall sorts set people lived doomed grenfell tower well nearby buildings london flood generosity aimed lost everything london high rise fire provoked unexpected message donations piled westway sports centre near london grenfell tower clothing supplies stored near grenfell tower london
nbc,related nbc confronts fugitive cop killer cuba part onemontes sentenced years prison due released spokesman said united states continues seek return cuba fugitives u justice espionage compromised many aspects america efforts spy cuba calling question reliability u intelligence collected cuba according michelle van cleave former national counterintelligence executive part american officials say u interested getting back americans sought refuge cuba u prosecution department repeatedly raises fugitive cases cuban government continue every appropriate opportunity
nbc,pew study relatively simple gather data state four categories incarceration drug offenders overdose deaths drug arrests drug use researchers pew charitable trusts crunched state state data drug imprisonment drug use overdoses drug arrests found evidence affected one another example louisiana state highest incarceration rate middle pack overdoses drug arrests drug use theory gelb said deterrence worked states highest incarceration rates would lower rates drug use colorado highest rate drug use th incarcerations
nbc,even consider competitive person chances found situation friend felt competitive spirit bubbling healthy competition drive friends work together therefore improve health side side explains healthy competition friends inspires sides absolute best says dr nikole benders hadi psychiatrist doctor demand healthy competition drive friends work together improving health side side healthy competition friends aware transparent competitiveness says lenderman
nbc,latest signal deteriorating relations superpowers following zigzagging path u foreign policy president donald trump mid april trump told associated press think nafta catastrophic trade deal united states campaign trump wrote op ed wall street journal accusing china raping country manipulating currency trump campaigned strongly north american free trade agreement threatening withdraw united states u canada mexico deal october debate hillary clinton trump went far suggest aligning united states syria isis disagreeing running mate mike pence
nbc,latest signal deteriorating relations superpowers following zigzagging path u foreign policy president donald trump mid april trump told associated press think nafta catastrophic trade deal united states campaign trump wrote op ed wall street journal accusing china raping country manipulating currency trump campaigned strongly north american free trade agreement threatening withdraw united states u canada mexico deal october debate hillary clinton trump went far suggest aligning united states syria isis disagreeing running mate mike pence
nbc,play facebooktwitterembed timeline otto warmbier north korean captivity autoplay autoplay copy code website blogpoliticians condemned north korea otto warmbier year old student returned unconscious state last week north korea died monday family said young pioneer tours chinese travel agency organized trip north korea included warmbier told nbc news monday night would longer offer north korean tours u citizens saying assessment risk americans visiting north korea become high warmbier student university virginia detained pyongyang january tourist trip north korea hold north korea accountable otto warmbier unjust imprisonment demand release three americans illegally detained tillerson said statement
nbc,president trump job approval numbers stand percent according latest cbs news poll moreduration video duration momentjs panel discusses
nbc,try using emojis tried becoming morning people burn calories walking stage fright better lunge take peek inside radio host elvis duran lively office office jerk research suggests cut snacking work yes love job probably know secret eating healthy better pigeon pose surprised find hidden sugars foods better way use snapchat try tips stop complaining get leg raises want sex
nbc,errorwe sorry link followed may broken expired hit browser back button return solid ground take look homepage today top news
nbc,otto warmbier dies return north koreaamerican student otto warmbier died released u following month captivity north korea tensions running high nation looks president donald trumps response nbcs andrea mitchell reports today
nbc,trump agenda senate gop health care outline expected soonleigh ann caldwell kasie hunt garrett haake latest republicans health care vote next week post courier notes trumps agenda particularly health care played race taxes secondary health care policy issues failure health care would create complications tax bill might also create new sense urgency races big day georgiaga big day gop bill yet public see even rank file republicans yet see text legislation
nbc,subject white house hit squad nixon ellsberg said daniel ellsberg former military analyst leaked pentagon papers says knew president richard nixon white house wanted shut related memo shows watergate prosecutors evidence nixon white house plotted violencean accompanying memo akerman summarizes interview stone said helped organize young republicans join counter demonstration apparent knowledge white house plot ellsberg read prosecutors memo investigation assault anti war demonstrators may used say nobody got hurt watergate ellsberg told nbc news phone interview monday evening daniel ellsberg co defendant pentagon papers case talks media outside federal building los angeles april
nbc,cover carlos khalil guzman photo series muslims america carlos khalil guzmanif tell someone muslim community diverse people think okay diverse maybe middle eastern south asian said carlos khalil guzman fighting islamophobia camera portraits muslims america photo series carlos khalil guzman carlos khalil guzmanentirely self funded guzman spent past year half crisscrossing country weekends days full time job photography studio new york muslims america guzman also hopes showcase diversity muslim community ethnicity gender geography life experience special focus women said often targets prejudice highlighting muslim communitys diversity images rather words guzman hopes break stereotypes
nbc,senior white house adviser jared kushner president son law leads inaugural meeting american technology council monday alphabet inc executive chairman eric schmidt center listens white house senior adviser jared kushner speaks opening session white house meeting technology chief executive officers mark technology week monday june indian treat room eisenhower executive office building white house complex washington president donald trump summoned technology team white house monday first meeting american technology council continuing delicate relationship administration silicon valley also chance jared kushner president son law senior adviser heading american technology council make rare public remarks tesla spacex ceo elon musk quit two trump advisory councils president paris climate decision
nbc,poke holes near bottom edge toilet paper roll using thumb tacks use stabilize speaker follow steps quick speaker pinch watch video carefully cut notch toilet paper roll marked width phone mark width phone outside toilet paper roll grab empty toilet paper roll
nbc,reports say senator mcconnell hopes healthcare vote july th recess written text guarantee republicans votes needed pass anything moreduration video duration momentjs
nbc,moreduration video duration momentjs stakes high expensive house race ever
nbc,find complaining someone try find reasons feel grateful person minor gripes try gratitude rubin said great way change emotions situation youre thinking someone done feel differently things would complaining rubin explained instance rubin said youre frustrated everyone always seems late staff meeting perhaps time meeting changed finally relent give good complaining session
nbc,thing thing president trump bragged good job building panama canal moreduration video duration momentjs yes one hundred years ago replied panamanian president
nbc,nicolle wallace bragging rights stake georgias special electionpolitical analyst nicolle wallace says georgias special election would symbolic victory democrats jon ossoff wins explains whats stake political party
nbc,public debate regarding whether washington name logo actually offends native americans bubbles time time ive personally chosen avoid using term deference native americans actually genuinely offended term posted mike florio june pm edtthe long winding road regarding whether washington lose federal trademark protection name logo isnt officially essentially u supreme court ruled case involving name band slants may offensive asian americans guarantee free speech first amendment overcomes governments supposed ability invalidate trademark rights potentially offensive grounds upsets people choose use
nbc,nerdwallet analysis mentioned studied overdraft fees late fees late payments result fees lower credit score time total u college students spend million year overdraft late payment fees u college students spend million year overdraft late payment fees overdraft late payment fees one protecting overdraft fees
nbc,carrie fisher cocaine methadone system autopsy showsthe star wars actress suffered appeared cardiac arrest airplane coroners report said fisher additionally tested positive cocaine methadone alcohol opiates
nbc,planets characterized nasa kepler mission yellow dots surveys split several different broad planet types according researchers kepler discovered percent planet candidates confirmed exoplanets ever found eighth kepler planet catalog includes new planet candidates less twice sized earth stars habitable zone editor note article updated p edt include details background nasa press conference researchers also revealed surprising divide small earth like planets mini neptunes gleaned data
nbc,related whats next fight puerto rico statehood doesnt would mean end statehood movement opening renewed focus possibilities independence united states congress rejects request statehood would mean statehood leaders said would turn independence add puerto ricos resident commissioner puerto rican congressional delegation statehood supporters first statehood movement since tied argument decolonization
nbc,outlines vets benefit new unified health recordsveterans affairs secretary david shulkin announces department adopt electronic health system department defense allowing seamless transfer information military enlistment veterans death
nbc,also asked health care bill alter veterans health care washington republicans preparing series votes next week plan overhaul nation health care system bernie sanders vt elizabeth warren mass using profiles publicly draw opposition health care bill including facebook live event monday afternoon gop bill yet public see even rank file republicans yet see text legislation republicans wont relent debate health care bill open american people see shouldnt expect business usual senate said schumer
nbc,watch days top stories analysis help wrap day
nbc,although new sanctuary coalition comprised multi faith institutions ragbir said roman catholic churches officially come board one open churches offering sanctuary nyc undocumented immigrants facing deportation wrote feel catholic church great work always told nbc latino im sure catholic church responsive individual actions although think pay attention said across country churches congregations rallied offer support undocumented immigrants facing deportation
nbc,ukrainian police provide protection annual gay pride march kiev ukraine capital june city embroiled gay rights row year hosted eurovision song contest slogan celebrate diversity kiev ukrainian politicians foreign diplomats joined thousands marching gay pride kiev sunday carrying banners waving rainbow ukrainian flags parade flanked thick cordon helmeted police ukrainian authorities increased support gay rights since pro western government took power following maidan protests relate hundreds thousands attend brazil massive pride paradebut critics say homophobic attitudes remain widespread
nbc,house veterans affairs committee chairman phil roe sponsor house measure said would support revisions congress difficulty coming agreement accountability bill phoenix va scandal christian petersen getty images filethe gop controlled house previously approved accountability bill mostly along party lines many veterans died waiting months appointments va employees created secret waiting lists falsehoods cover delays senate bill introduced thursday adopts several portions previous isakson bill including longer appeal process provided house bill days vs days though workers would paid appeal
nbc,jordan strauss ap carrie fisher daughter billie lourd released statement toxicology report revealed fisher cocaine heroin system time death fisher daughter actress billie lourd released statement people addressing findings monday toxicology report closed captioning apply reset x text displaybackgroundenhancements fonttimes new roman arial comic sanst sizecolor share link carrie fisher cause death released play video carrie fisher cause death released play video coroner office said could determine whether drugs contributed year old fisher death december saturday los angeles medical examiner initially listed sleep apnea undetermined factors cause fisher death share tweet pin emailcarrie fisher daughter spoken stigma drug addiction toxicology results revealed fisher cocaine heroin system time death last year
nbc,first syrian aircraft shot us militarysailors california connecticut killed cargo ship crashed side uss fitzgerald japan glaring question remains could happen us navy warship
nbc,international campaigner human rights watch reported cuban government long repressed dissent criticism gotten worse cuba country world trump allegedly cares human rights wrote michael mcfaul former u arbitrary arrests human rights defenders independent journalists others grown dramatically recent years says comes cuba massive systematic harm human rights comes blockade president trump proposes harden human rights watch warned however ordinary cubans people trump said move sought help would suffer result last weeks decision
nbc,white house press secretary sean spicer looking fill replacement according new politico report moreduration video duration momentjs morning joe panel discusses
nbc,first comments since may tiger woods said statement monday currently receiving professional help manage prescription medications monday woods wrote twitter im currently receiving professional help manage medications ways deal back pain sleep disorder may tigerwoods com woods wrote month since underwent fusion surgery back hard express much better feel alcohol involved woods said statement suffered unexpected reaction prescribed medications report june indicated woods told arresting officers taking xanax news comes three weeks woods charged driving influence found asleep wheel south florida
nbc,new report examines media influencing kidsa new report research nonprofit commonsense giving parents guidance keep gender stereotypes media much influence children nbcs joe fryer reports today
nbc,way amazon reversing strategy made big box retailers like walmart target players supermarket business portalatin pointed although percent people bought groceries online last month little half amazon prime members whole foods plus stores could one day mere grocery stores serving distribution hubs broader inventory amazon products happen whole foods stores really red flag retailers grocery witcher said
nbc,moreduration video duration momentjs john oliver among many noted almost never hear jared kushner speak public msnbc brian williams monday changed
nbc,steve thomashygienethough shouldnt sweat much filtered air ship youll need rethink personal hygiene standards youll need figure best way snuggle slightest nudge send flying clothes dont get dirty quickly space earth good need make last dont need pillow rest head virtually anywhere within spacecraft radiationastronauts international space station mostly protected space radiation earths magnetic field
nbc,dan gilbert consult lebron james prior parting david griffin sources said got us lebron james kingjames june lebron reportedly disappointed concerned decision james advocated griffin extension brian windhorst windhorstespn june lebron james came griffins defense maybe gilbert star struck maybe takes year television maybe team grabs consultant shall see
nbc,moreduration video duration momentjs democrats held senate floor late monday protest gop health care bill written behind closed doors sen tammy baldwin wi joins msnbc brian williams
nbc,related speedy delivery bots may change buying habitsjudging weve seen far conscious machines inherit human vulnerabilities fact thinks deliberately hold back building conscious machines avoid moral dilemmas poses youre building conscious systems work us would akin slavery schneider says beyond cool create robots researchers design cybernetic creatures theyre trying fix flaws machine learning systems although science fiction may us worried sentient robots really mindless robots need cautious
nbc,offhow president trump respond otto warmbiers death nbcs political analyst nicolle wallace discusses president donald trump might respond north korea following death otto warmbier
nbc,moscow condemned downing syrian jet dropped bombs near u backed syrian democratic forces fighting isis syria increasingly complicated civil war play facebooktwitterembed us war plane shoots syrian military jet autoplay autoplay copy code website blogescalating tensions region help anybody white house press secretary sean spicer said monday russia key ally syrian president bashar assad providing air cover government offensive since areas northern syria west euphrates controlled isis syrian government forces captured recent months forces aligned u campaign isis warned syrian government troops stop attacks face retaliation
nbc,stray voltage seeping lakes pools nearby electrical sources might even know today national investigative correspondent jeff rossen shows make sure pool safe electrical dangers story
nbc,hatch cut glass decanter crate barrelcrate barrel crate barrelcrate barrel crosshatched decanter elegant timeless addition home bar setup brown liquor loving pair chef n sweet spot ice cream maker sur la tablesur la tablethis compact ice cream maker perfect apartment dwellers sweet tooth passionate foodies sur la tablesur la table diy macaron kit sur la tablesur la tablewith heart shaped guides stenciled onto silicone mat plus variety decorating tips macaron making kit takes guess making notoriously tricky french cookies eppicotispai ravioli tortellini starter set sur la tablesur la tablethe eight piece pasta making set comes everything couple needs delicious date night home
nbc,american student otto warmbier speaks presented reporters pyongyang north korea february travel agency specializes north korea tours based central chinese city xi north korea accuses washington south korea sending spies overthrow government personally believe possible china step sanctions north korea china already tough considering facts tragic outcome longer organizing tours u citizens north korea
